thumbnail/thumbnail_게임_네온_던전로비_부서진컨트롤러__02.png	thumbnails/thumb_0001.png
thumbnail/thumbnail_게임_발랄한_던전시장_아이콘스튜__10.png	thumbnails/thumb_0002.png
thumbnail/thumbnail_로맨스-재벌_설렘_노을옥상_장미꽃잎__30.png	thumbnails/thumb_0003.png
thumbnail/thumbnail_로맨스-재벌_설렘_사무실탕비실_눈창__01.png	thumbnails/thumb_0004.png
thumbnail/thumbnail_로맨스-재벌_우수_빗속승강장_우산__23.png	thumbnails/thumb_0005.png
thumbnail/thumbnail_로맨스-재벌_화려_재즈클럽_피아노__25.png	thumbnails/thumb_0006.png
thumbnail/thumbnail_로맨스_신비_달빛정원_하트퀘스트__09.png	thumbnails/thumb_0007.png
thumbnail/thumbnail_로맨스_애틋_빈티지방_린넨셔츠__11.png	thumbnails/thumb_0008.png
thumbnail/thumbnail_로맨스_청량_해안등대_등대__29.png	thumbnails/thumb_0009.png
thumbnail/thumbnail_로맨스_치유_온실_펜던트__06.png	thumbnails/thumb_0010.png
thumbnail/thumbnail_무협-아포칼립스_고독_사막전장_검은망토__07.png	thumbnails/thumb_0011.png
thumbnail/thumbnail_무협-판타지-아포칼립스_음울_달밤산촌_초가집__13.png	thumbnails/thumb_0012.png
thumbnail/thumbnail_무협-판타지_비장_월야궁궐_붉은도포__02.png	thumbnails/thumb_0013.png
thumbnail/thumbnail_무협-판타지_신비_비밀약초원_약솥__18.png	thumbnails/thumb_0014.png
thumbnail/thumbnail_무협-판타지_신비_월야연못_달빛검기__10.png	thumbnails/thumb_0015.png
thumbnail/thumbnail_무협-판타지_청량_설산창가_펼친화첩__08.png	thumbnails/thumb_0016.png
thumbnail/thumbnail_무협-헌터_살벌_야시장골목_붉은등__17.png	thumbnails/thumb_0017.png
thumbnail/thumbnail_무협_고요한_산문파_약선탕__04.png	thumbnails/thumb_0018.png
thumbnail/thumbnail_무협_긴장_빗속객잔_삿갓__09.png	thumbnails/thumb_0019.png
thumbnail/thumbnail_무협_비장_먹빛대숲_검은도포__16.png	thumbnails/thumb_0020.png
thumbnail/thumbnail_무협_여운_산중목교_검집__19.png	thumbnails/thumb_0021.png
thumbnail/thumbnail_무협_은밀_황혼문간_검집__04.png	thumbnails/thumb_0022.png
thumbnail/thumbnail_무협_장엄_폭포동굴_퀘스트비급__04.png	thumbnails/thumb_0023.png
thumbnail/thumbnail_시스템-판타지-아포칼립스_초현실_오페라홀_샹들리에__05.png	thumbnails/thumb_0024.png
thumbnail/thumbnail_시스템_영리한_푸른던전_레시피창__05.png	thumbnails/thumb_0025.png
thumbnail/thumbnail_시스템_초월_서버성당_홀로그램창__01.png	thumbnails/thumb_0026.png
thumbnail/thumbnail_아포칼립스-시스템_압도_궤도붕괴도시_우주고리__27.png	thumbnails/thumb_0027.png
thumbnail/thumbnail_아포칼립스-판타지-시스템_장엄_부유폐허_중력균열__26.png	thumbnails/thumb_0028.png
thumbnail/thumbnail_아포칼립스-판타지_냉혹_금속숲_검은비__22.png	thumbnails/thumb_0029.png
thumbnail/thumbnail_아포칼립스-판타지_암흑_일식궁전_붉은일식__28.png	thumbnails/thumb_0030.png
thumbnail/thumbnail_아포칼립스-헌터_냉랭_빙결도시_온실돔__14.png	thumbnails/thumb_0031.png
thumbnail/thumbnail_아포칼립스-헌터_음산_생체지하터널_발광포자__03.png	thumbnails/thumb_0032.png
thumbnail/thumbnail_아포칼립스_쓸쓸_침수도시_폐허고층__20.png	thumbnails/thumb_0033.png
thumbnail/thumbnail_아포칼립스_절망_침수도시_붉은알림창__07.png	thumbnails/thumb_0034.png
thumbnail/thumbnail_아포칼립스_황량_사막폐허_수레__12.png	thumbnails/thumb_0035.png
thumbnail/thumbnail_아포칼립스_희망적인_지하철쉼터_환생씨앗__08.png	thumbnails/thumb_0036.png
thumbnail/thumbnail_요리_불타는_화산던전_불꽃국수__03.png	thumbnails/thumb_0037.png
thumbnail/thumbnail_육아_따뜻_마법놀이방_미니상태창__10.png	thumbnails/thumb_0038.png
thumbnail/thumbnail_육아_따뜻한_던전_랜턴__02.png	thumbnails/thumb_0039.png
thumbnail/thumbnail_재벌_냉정_유리타워_계약패널__08.png	thumbnails/thumb_0040.png
thumbnail/thumbnail_재벌_호화로운_펜트하우스_수정디저트__09.png	thumbnails/thumb_0041.png
thumbnail/thumbnail_판타지-로맨스_몽환_궁정정원_왕관__06.png	thumbnails/thumb_0042.png
thumbnail/thumbnail_판타지-로맨스_몽환_궤도온실_지구창__15.png	thumbnails/thumb_0043.png
thumbnail/thumbnail_판타지-로맨스_애틋_사막유적_고대문__24.png	thumbnails/thumb_0044.png
thumbnail/thumbnail_판타지_몽환_공중도서관_레벨오브__05.png	thumbnails/thumb_0045.png
thumbnail/thumbnail_학원-로맨스_청춘_벚꽃정원_벚꽃__21.png	thumbnails/thumb_0046.png
thumbnail/thumbnail_학원_명랑한_마법학원_불사조요리모자__07.png	thumbnails/thumb_0047.png
thumbnail/thumbnail_학원_청량_가상교실_스탯팔찌__06.png	thumbnails/thumb_0048.png
thumbnail/thumbnail_헌터_긴박_도시폐허_랭크카드__03.png	thumbnails/thumb_0049.png
thumbnail/thumbnail_환생_신비로운_궁전_요람__01.png	thumbnails/thumb_0050.png
bg/bg__게임_긴장_던전로비_포탈__02.png	backgrounds/bg_0001.png
bg/bg__게임_네온감성_미래오락실_빛콘솔__18.png	backgrounds/bg_0002.png
bg/bg__게임_발랄한_가상정원_세이브분수__06.png	backgrounds/bg_0003.png
bg/bg__게임_청량_공중섬허브_세이브크리스탈__12.png	backgrounds/bg_0004.png
bg/bg__로맨스_겨울감성_산장외부_빨간스카프__13.png	backgrounds/bg_0005.png
bg/bg__로맨스_몽환_축제발코니_뮤직박스__08.png	backgrounds/bg_0006.png
bg/bg__로맨스_비밀스러운_심야카페_튤립꽃다발__12.png	backgrounds/bg_0007.png
bg/bg__로맨스_비오는밤_호텔입구_빨간우산__01.png	backgrounds/bg_0008.png
bg/bg__로맨스_서약_해변의식장_조개반지__14.png	backgrounds/bg_0009.png
bg/bg__로맨스_애틋_비내리는역_유리우산__18.png	backgrounds/bg_0010.png
bg/bg__로맨스_애틋한_한옥마당_노리개__17.png	backgrounds/bg_0011.png
bg/bg__무협_고요_대나무수련장_옥패__03.png	backgrounds/bg_0012.png
bg/bg__무협_고요한_대나무수련장_목검거치대__05.png	backgrounds/bg_0013.png
bg/bg__무협_고요한_대나무정자_옥검__08.png	backgrounds/bg_0014.png
bg/bg__무협_긴장된_비오는골목_검은우산__12.png	backgrounds/bg_0015.png
bg/bg__무협_뜨거운_용광검방_담금통__15.png	backgrounds/bg_0016.png
bg/bg__무협_몽환적_연꽃호수_옥피리__11.png	backgrounds/bg_0017.png
bg/bg__무협_몽환적_운무산_석등__02.png	backgrounds/bg_0018.png
bg/bg__무협_비장한_절벽_검흔바위__01.png	backgrounds/bg_0019.png
bg/bg__무협_서늘한_설산사찰_빙결종__07.png	backgrounds/bg_0020.png
bg/bg__무협_설원_산중제단_옥륜__13.png	backgrounds/bg_0021.png
bg/bg__무협_신비한_동굴서고_봉인석함__19.png	backgrounds/bg_0022.png
bg/bg__무협_쓸쓸한_가을산길_낙엽계단__16.png	backgrounds/bg_0023.png
bg/bg__무협_엄숙한_장문인서재_봉인서책__14.png	backgrounds/bg_0024.png
bg/bg__무협_영험한_동굴석실_옥좌__17.png	backgrounds/bg_0025.png
bg/bg__무협_은밀한_밤강나루_낡은등불__08.png	backgrounds/bg_0026.png
bg/bg__무협_은밀한_약재시장_약재상자__04.png	backgrounds/bg_0027.png
bg/bg__무협_음산한_폐객잔_깨진술독__09.png	backgrounds/bg_0028.png
bg/bg__무협_장엄한_문파연무장_청동향로__06.png	backgrounds/bg_0029.png
bg/bg__무협_청량한_폭포협곡_돌다리__10.png	backgrounds/bg_0030.png
bg/bg__무협_평화로운_계곡온천_목욕통__18.png	backgrounds/bg_0031.png
bg/bg__무협_폭풍전야_해안절벽_낡은검집__20.png	backgrounds/bg_0032.png
bg/bg__무협_활기찬_장터_홍등__03.png	backgrounds/bg_0033.png
bg/bg__무협_황량한_사막관문_녹슨표창__13.png	backgrounds/bg_0034.png
bg/bg__시스템_고요_성역아카이브_코어__01.png	backgrounds/bg_0035.png
bg/bg__시스템_신비로운_미래아파트_반지상자__10.png	backgrounds/bg_0036.png
bg/bg__시스템_암흑_서버성당_블랙큐브__11.png	backgrounds/bg_0037.png
bg/bg__아포칼립스_고립_옥상정원_빗물탱크__07.png	backgrounds/bg_0038.png
bg/bg__아포칼립스_고요_폐허도시_녹슨버스__01.png	backgrounds/bg_0039.png
bg/bg__아포칼립스_기계적_드론격납고_꺼진드론__16.png	backgrounds/bg_0040.png
bg/bg__아포칼립스_기괴_오염숲_형광버섯__06.png	backgrounds/bg_0041.png
bg/bg__아포칼립스_긴박_침수지하철_비상등__02.png	backgrounds/bg_0042.png
bg/bg__아포칼립스_몽환_해안폐항_난파선__09.png	backgrounds/bg_0043.png
bg/bg__아포칼립스_방사능_검문소_깨진계측기__17.png	backgrounds/bg_0044.png
bg/bg__아포칼립스_불길_산업지대_붕괴굴뚝__04.png	backgrounds/bg_0045.png
bg/bg__아포칼립스_불안_병원복도_넘어진휠체어__08.png	backgrounds/bg_0046.png
bg/bg__아포칼립스_비현실_거울호수_가라앉은타워__20.png	backgrounds/bg_0047.png
bg/bg__아포칼립스_서늘_놀이공원_멈춘관람차__11.png	backgrounds/bg_0048.png
bg/bg__아포칼립스_신비_성당폐허_깨진스테인드글라스__12.png	backgrounds/bg_0049.png
bg/bg__아포칼립스_쓸쓸한_폐허지하철_하얀베일__07.png	backgrounds/bg_0050.png
bg/bg__아포칼립스_암울_지하벙커_깜빡이는모니터__10.png	backgrounds/bg_0051.png
bg/bg__아포칼립스_압도_분화구도심_거대한균열__13.png	backgrounds/bg_0052.png
bg/bg__아포칼립스_음산_학교운동장_녹슨스피커__14.png	backgrounds/bg_0053.png
bg/bg__아포칼립스_적막_옥상정원_위성비콘__16.png	backgrounds/bg_0054.png
bg/bg__아포칼립스_차가움_설원마을_얼어붙은라디오탑__05.png	backgrounds/bg_0055.png
bg/bg__아포칼립스_침묵_도서관폐허_흩어진책__19.png	backgrounds/bg_0056.png
bg/bg__아포칼립스_폭풍_해일도시_기울어진신호등__18.png	backgrounds/bg_0057.png
bg/bg__아포칼립스_황량_사막화고속도로_뒤집힌트럭__03.png	backgrounds/bg_0058.png
bg/bg__아포칼립스_희망_온실쉘터_작은새싹__15.png	backgrounds/bg_0059.png
bg/bg__아포칼립스_희망_폐허검문소_보급상자__06.png	backgrounds/bg_0060.png
bg/bg__육아_따뜻_아기방_나무블록__10.png	backgrounds/bg_0061.png
bg/bg__육아_포근한_아기방_달별모빌__09.png	backgrounds/bg_0062.png
bg/bg__육아_환희_놀이방_성장나무__20.png	backgrounds/bg_0063.png
bg/bg__재벌_고급스러운_펜트하우스정원_샴페인잔__04.png	backgrounds/bg_0064.png
bg/bg__재벌_냉정_펜트하우스오피스_금고상자__09.png	backgrounds/bg_0065.png
bg/bg__재벌_노을빛_루프탑수영장_진주비녀__19.png	backgrounds/bg_0066.png
bg/bg__재벌_음모_지하금고_황금키__19.png	backgrounds/bg_0067.png
bg/bg__판타지_경이_세계수유적_씨앗수정__04.png	backgrounds/bg_0068.png
bg/bg__판타지_몽환_달빛온실_수정장미__02.png	backgrounds/bg_0069.png
bg/bg__판타지_물빛몽환_수족관터널_벨벳반지함__15.png	backgrounds/bg_0070.png
bg/bg__판타지_비밀스러운_마법도서관_수정문진__16.png	backgrounds/bg_0071.png
bg/bg__판타지_왕실풍_성발코니_푸른장미__11.png	backgrounds/bg_0072.png
bg/bg__판타지_운명적인_마법기차역_회중시계__20.png	backgrounds/bg_0073.png
bg/bg__판타지_장엄_하늘성채_수정문__14.png	backgrounds/bg_0074.png
bg/bg__학원_불안_심야교실_시험진__07.png	backgrounds/bg_0075.png
bg/bg__학원_첫사랑_방과후복도_리본꽃다발__03.png	backgrounds/bg_0076.png
bg/bg__학원_활기_마법복도_던전문__17.png	backgrounds/bg_0077.png
bg/bg__헌터_압박_지하철역_균열__05.png	backgrounds/bg_0078.png
bg/bg__헌터_위기_벙커상황실_게이트코어__15.png	backgrounds/bg_0079.png
bg/bg__헌터_위태로운_도시옥상_푸른포털__05.png	backgrounds/bg_0080.png
character/character__게임_교활한_논바이너리_자물쇠따개-단검__03.png	characters/char_0001.png
character/character__게임_화려한_여성_흑요석-카드__16.png	characters/char_0002.png
character/character__로맨스_격정적인_여성_철제-건틀릿__19.png	characters/char_0003.png
character/character__로맨스_결연한_여성_테니스-라켓__19.png	characters/char_0004.png
character/character__로맨스_냉담한_여성_월장석-목걸이__13.png	characters/char_0005.png
character/character__로맨스_눈부신_여성_진주-마이크__15.png	characters/char_0006.png
character/character__로맨스_다정한_남성_압화-책갈피__14.png	characters/char_0007.png
character/character__로맨스_단정한_여성_에스프레소-잔__07.png	characters/char_0008.png
character/character__로맨스_따뜻한_남성_나무숟가락__20.png	characters/char_0009.png
character/character__로맨스_매력적인_남성_필름카메라__12.png	characters/char_0010.png
character/character__로맨스_몽상적인_여성_난초-브로치__09.png	characters/char_0011.png
character/character__로맨스_몽환적인_남성_월장석-하프__04.png	characters/char_0012.png
character/character__로맨스_부드러운_남성_흰장미__08.png	characters/char_0013.png
character/character__로맨스_비밀스러운_여성_뼈-열쇠__17.png	characters/char_0014.png
character/character__로맨스_사려깊은_여성_붓__11.png	characters/char_0015.png
character/character__로맨스_수수께끼같은_남성_골동품-열쇠__18.png	characters/char_0016.png
character/character__로맨스_신비로운_남성_만년필__10.png	characters/char_0017.png
character/character__로맨스_신비로운_남성_황금-모래시계__10.png	characters/char_0018.png
character/character__로맨스_아련한_여성_투명우산__03.png	characters/char_0019.png
character/character__로맨스_엄숙한_남성_옥패__04.png	characters/char_0020.png
character/character__로맨스_자신감있는_여성_비단부채__05.png	characters/char_0021.png
character/character__로맨스_장난스러운_남성_헤드폰__06.png	characters/char_0022.png
character/character__로맨스_차분한_남성_청진기__16.png	characters/char_0023.png
character/character__로맨스_침착한_남성_인장반지__02.png	characters/char_0024.png
character/character__로맨스_평온한_여성_은장미__01.png	characters/char_0025.png
character/character__로맨스_평온한_여성_진주-비녀__01.png	characters/char_0026.png
character/character__로맨스_품위있는_여성_붉은실-팔찌__17.png	characters/char_0027.png
character/character__무협_거친_남성_단조망치__13.png	characters/char_0028.png
character/character__무협_격정적인_여성_도__02.png	characters/char_0029.png
character/character__무협_그을린_여성_줄표창__12.png	characters/char_0030.png
character/character__무협_금욕적인_남성_염주__03.png	characters/char_0031.png
character/character__무협_몽환적인_여성_얼음검__19.png	characters/char_0032.png
character/character__무협_수도자같은_남성_쇠사슬__18.png	characters/char_0033.png
character/character__무협_신비로운_여성_은침__04.png	characters/char_0034.png
character/character__무협_엄격한_여성_청동거울__16.png	characters/char_0035.png
character/character__무협_우울한_여성_눈가림-검__14.png	characters/char_0036.png
character/character__무협_유쾌한_남성_술항아리__20.png	characters/char_0037.png
character/character__무협_음산한_여성_고리칼날__10.png	characters/char_0038.png
character/character__무협_장난스러운_남성_대나무-지팡이__05.png	characters/char_0039.png
character/character__무협_장난스러운_여성_달빛-비파__08.png	characters/char_0040.png
character/character__무협_장엄한_여성_지휘-부채__06.png	characters/char_0041.png
character/character__무협_차가운_남성_창__09.png	characters/char_0042.png
character/character__무협_치유적인_남성_약호리병__11.png	characters/char_0043.png
character/character__무협_침울한_남성_단검__07.png	characters/char_0044.png
character/character__무협_평온한_남성_옥피리__01.png	characters/char_0045.png
character/character__무협_화려한_남성_쌍검__15.png	characters/char_0046.png
character/character__무협_희망찬_여성_활__17.png	characters/char_0047.png
character/character__시스템_결연한_남성_층-열쇠__07.png	characters/char_0048.png
character/character__시스템_반항적인_남성_데이터-조각__20.png	characters/char_0049.png
character/character__시스템_분석적인_여성_수정-태블릿__02.png	characters/char_0050.png
character/character__아포칼립스_강인한_여성_수통__08.png	characters/char_0051.png
character/character__판타지_고귀한_여성_방패-파편__10.png	characters/char_0052.png
character/character__판타지_고귀한_여성_월계-홀__13.png	characters/char_0053.png
character/character__판타지_굳건한_논바이너리_대장간-망치__18.png	characters/char_0054.png
character/character__판타지_그늘진_여성_까마귀-가면__03.png	characters/char_0055.png
character/character__판타지_기품있는_남성_흑요석-왕관__02.png	characters/char_0056.png
character/character__판타지_눈부신_남성_해바라기-로켓__20.png	characters/char_0057.png
character/character__판타지_반항적인_여성_태양-성배__07.png	characters/char_0058.png
character/character__판타지_부드러운_남성_유리등__14.png	characters/char_0059.png
character/character__판타지_불길한_남성_해골-반지__05.png	characters/char_0060.png
character/character__판타지_빛나는_여성_별-나침반__05.png	characters/char_0061.png
character/character__판타지_사나운_여성_용알__11.png	characters/char_0062.png
character/character__판타지_수수께끼같은_논바이너리_소환-구슬__11.png	characters/char_0063.png
character/character__판타지_아련한_남성_진주조개__08.png	characters/char_0064.png
character/character__판타지_야성적인_남성_뼈피리__09.png	characters/char_0065.png
character/character__판타지_영리한_남성_수은-플라스크__13.png	characters/char_0066.png
character/character__판타지_우아한_남성_인장반지__16.png	characters/char_0067.png
character/character__판타지_우아한_여성_오팔-거울__15.png	characters/char_0068.png
character/character__판타지_우울한_여성_모래시계__19.png	characters/char_0069.png
character/character__판타지_음산한_남성_마도서__15.png	characters/char_0070.png
character/character__판타지_차가운_남성_수정검__06.png	characters/char_0071.png
character/character__판타지_창의적인_남성_구리-회중시계__12.png	characters/char_0072.png
character/character__판타지_창의적인_여성_태엽-큐브__06.png	characters/char_0073.png
character/character__판타지_침울한_남성_검은난초__18.png	characters/char_0074.png
character/character__학원_성실한_남성_계급장__17.png	characters/char_0075.png
character/character__학원_영리한_여성_호박색-약병__09.png	characters/char_0076.png
character/character__헌터_음울한_남성_흑요석-나침반__01.png	characters/char_0077.png
character/character__헌터_정밀한_여성_렌즈-조준경__14.png	characters/char_0078.png
character/character__헌터_치명적인_여성_유리침__12.png	characters/char_0079.png
character/character__헌터_희망찬_여성_유리-약병__04.png	characters/char_0080.png
